answer,clue
JOHN,"Visionary on Patmos island (Revelation 1:9)"
PATMOS,"Island exile of apostle (Revelation 1:9)"
ASIA,"Region of seven churches (Revelation 1:4)"
LORD,"Alpha and Omega title (Revelation 1:8)"
ALPHA,"First Greek letter of Christ (Revelation 1:8)"
OMEGA,"Last Greek letter of Christ (Revelation 1:8)"
GRACE,"Salutation with peace (Revelation 1:4)"
PEACE,"From Father and Spirit (Revelation 1:4)"
SEVEN,"Spirits before throne (Revelation 1:4)"
THRONE,"God's heavenly seat (Revelation 4:2)"
ELDERS,"Twenty-four around throne (Revelation 4:4)"
LAMPSTANDS,"Seven golden in temple (Revelation 1:12)"
STARS,"Seven held in right hand (Revelation 1:16)"
EPHESUS,"Church leaving first love (Revelation 2:4)"
SMYRNA,"Poor but rich church (Revelation 2:9)"
PERGAMUM,"Seat of Satan church (Revelation 2:13)"
THYATIRA,"Tolerating Jezebel church (Revelation 2:20)"
SARDIS,"Dead but alive church (Revelation 3:1)"
PHILADELPHIA,"Open door church (Revelation 3:8)"
LAODICEA,"Lukewarm spewing church (Revelation 3:16)"
JEZEBEL,"Woman teaching immorality (Revelation 2:20)"
ANTIPAS,"Martyred faithful witness (Revelation 2:13)"
NICOLAITANS,"Deeds hated by Ephesus (Revelation 2:6)"
BALAAM,"Doctrine in Pergamum (Revelation 2:14)"
KEY,"Of David held by Christ (Revelation 3:7)"
DOOR,"Open no man shuts (Revelation 3:8)"
AMEN,"Faithful witness title (Revelation 3:14)"
BEGINNING,"Of creation of God (Revelation 3:14)"
SCROLL,"Sealed with seven seals (Revelation 5:1)"
LAMB,"Slain worthy to open (Revelation 5:9)"
WORTHY,"Only Lamb to take scroll (Revelation 5:12)"
HARPS,"Golden in elder hands (Revelation 5:8)"
VIALS,"Full of incense prayers (Revelation 5:8)"
INCENSE,"Odor of saints' prayers (Revelation 5:8)"
SILENCE,"In heaven half hour (Revelation 8:1)"
SEALS,"Seven on scroll opened (Revelation 6:1)"
HORSEMEN,"Four of apocalypse (Revelation 6:2)"
WHITE,"First horse conqueror (Revelation 6:2)"
RED,"Second horse taker of peace (Revelation 6:4)"
BLACK,"Third horse scales famine (Revelation 6:5)"
PALE,"Fourth horse death Hades (Revelation 6:8)"
MARTYRS,"Under altar crying (Revelation 6:9)"
SOULS,"Slain for word of God (Revelation 6:9)"
EARTHQUAKE,"Sixth seal sign (Revelation 6:12)"
MOON,"Blood in sixth seal (Revelation 6:12)"
SUN,"Black as sackcloth (Revelation 6:12)"
STARS,"Fall like figs (Revelation 6:13)"
SKY,"Rolled as scroll (Revelation 6:14)"
GREATDAY,"Wrath of Lamb coming (Revelation 6:17)"
144000,"Sealed from tribes (Revelation 7:4)"
PALM,"Branches in martyr hands (Revelation 7:9)"
ROBES,"White washed in Lamb blood (Revelation 7:14)"
TRUMPETS,"Seven angels sound (Revelation 8:2)"
HAIL,"Fire mixed with blood (Revelation 8:7)"
MOUNTAIN,"Burning cast to sea (Revelation 8:8)"
WORMWOOD,"Star bitters waters (Revelation 8:11)"
EAGLE,"Woe woe woe flying (Revelation 8:13)"
LOCUSTS,"From abyss torment (Revelation 9:3)"
ABADDON,"Angel king of locusts (Revelation 9:11)"
APOLLYON,"Destroyer Greek name (Revelation 9:11)"
ARMY,"Two hundred million (Revelation 9:16)"
EUPHRATES,"River angel bound (Revelation 9:14)"
JEALOUSY,"Tenth part city falls (Revelation 11:13)"
WITNESSES,"Two prophesy 1260 days (Revelation 11:3)"
OLIVE,"Trees of witnesses (Revelation 11:4)"
CANDLES,"Lampstands of witnesses (Revelation 11:4)"
BEAST,"From abyss kills witnesses (Revelation 11:7)"
BREATH,"Of life from God revives (Revelation 11:11)"
TEMPLE,"Measured but court not (Revelation 11:1)"
ARK,"Seen in temple heaven (Revelation 11:19)"
WOMAN,"Clothed with sun moon stars (Revelation 12:1)"
DRAGON,"Seven heads ten horns (Revelation 12:3)"
MICHAEL,"Fought dragon cast out (Revelation 12:7)"
TAIL,"Swept third stars (Revelation 12:4)"
FLOOD,"From dragon mouth (Revelation 12:15)"
WILDERNESS,"Woman fled prepared (Revelation 12:6)"
SEVENOFFSPRING,"Male child rule nations (Revelation 12:5)"
BEASTSEA,"From sea blasphemes (Revelation 13:1)"
FATAL,"Wound healed wonder (Revelation 13:3)"
MARK,"666 on right hand (Revelation 13:16)"
IMAGE,"Speaks causes worship (Revelation 13:15)"
LAMBHORNED,"Like lamb speaks dragon (Revelation 13:11)"
FIRE,"From heaven in sight (Revelation 13:13)"
HARVEST,"Earth reaped angels (Revelation 14:15)"
GRAPES,"Wrath tread winepress (Revelation 14:19)"
BOWLS,"Seven of wrath plagues (Revelation 15:7)"
TABERNACLE,"Of testimony opened (Revelation 15:5)"
SORE,"First bowl grievous (Revelation 16:2)"
SEA,"Blood as dead second (Revelation 16:3)"
RIVERS,"Blood third bowl (Revelation 16:4)"
SUN,"Scorch men fourth (Revelation 16:8)"
THRONE,"Darkness fifth bowl (Revelation 16:10)"
ARMAGEDDON,"Kings gather sixth (Revelation 16:16)"
AIR,"Foul spirits unclean (Revelation 16:13)"
BABYLON,"Fallen great city (Revelation 18:2)"
PROSTITUTE,"Drunk with saints blood (Revelation 17:6)"
SCARLET,"Beast woman rides (Revelation 17:3)"
GOLD,"Cup abominations (Revelation 17:4)"
SEVENHILLS,"Woman sits upon (Revelation 17:9)"
HORNS,"Ten kings give power (Revelation 17:12)"
NEW,"Heaven earth song (Revelation 21:1)"
JERUSALEM,"Holy city bride (Revelation 21:2)"
GATE,"Twelve pearl each (Revelation 21:21)"
FOUNDATION,"Twelve jasper etc (Revelation 21:14)"
GLORY,"God's fills city (Revelation 21:11)"
RIVER,"Water life clear (Revelation 21:1)"
TREEOF LIFE,"Twelve fruits monthly (Revelation 22:2)"
THRONEHIGH,"God's and Lamb center (Revelation 22:3)"
ALPHAOMEGA,"Last word beginning (Revelation 22:13)"
COMING,"Soon I am (Revelation 22:20)"
EVEN,"So be it (Revelation 22:20)"
SERVANT,"Bond of churches (Revelation 1:1)"
TESTIMONY,"Word of God given (Revelation 1:2)"
PATRIENCE,"Of Jesus saints (Revelation 1:9)"
PRIESTS,"Made kingdom (Revelation 1:6)"
FIRSTBEGOTTEN,"Dead first (Revelation 1:5)"
LOOSE,"Graves opened (Revelation 1:18)"
ALIVE,"Evermore (Revelation 1:18)"
ANGEL,"Strong one book ate (Revelation 10:2)"
LITTLE,"Scroll sweet bitter (Revelation 10:10)"
WOE,"Third remaining (Revelation 12:12)"
HOUR,"Judgment come (Revelation 14:7)"
FEAR,"God give glory (Revelation 14:7)"
WORSHIP,"Creator day (Revelation 14:7)"
SICKLE,"Sharp reaper (Revelation 14:14)"
VINTAGE,"Of earth grapes (Revelation 14:18)"
WRATH,"Full cup poured (Revelation 14:10)"
SMOKE,"Torment ascends (Revelation 14:11)"
NATIONS,"Healed leaves tree (Revelation 22:2)"
CURSE,"No more temple (Revelation 22:3)"
FACE,"See his servants (Revelation 22:4)"
NAME,"Forehead written (Revelation 22:4)"
LIGHT,"No need sun lamp (Revelation 22:5)"
LAMB,"Lamp of city (Revelation 22:5)"
SERVANTS,"Reign forever (Revelation 22:5)"
REVELATION,"Of Jesus Christ (Revelation 1:1)"
CHURCHES,"Seven golden lampstands (Revelation 1:20)"
MESSENGER,"Angel of church (Revelation 2:1)"
CROWN,"Life overcomer (Revelation 2:10)"
HIDDEN,"Manna white stone (Revelation 2:17)"
MORNING,"Star overcomer (Revelation 2:28)"
SYNAGOGUE,"Of Satan claimed (Revelation 2:9)"
ANTITHRONE,"Where Satan dwells (Revelation 3:21)"
VICTOR,"Sit with me throne (Revelation 3:21)"
RIGHTHAND,"Seven stars held (Revelation 1:20)"
SHARP,"Two-edged sword mouth (Revelation 1:16)"
FEET,"Like burnished brass (Revelation 1:15)"
HAIR,"White like wool (Revelation 1:14)"
EYES,"Flame of fire (Revelation 1:14)"
VOICE,"Waters many (Revelation 1:15)"
PRINCE,"Of kings earth (Revelation 1:5)"
WASHED,"Sins in blood (Revelation 1:5)"
COMING,"With clouds (Revelation 1:7)"
PIERCED,"Tribes mourn (Revelation 1:7)"
TRIBES,"Of earth see (Revelation 1:7)"
HEWHOIS,"And was is come (Revelation 1:8)"
ALMIGHTY,"Says Lord God (Revelation 1:8)"
TOGETHER,"Called up to God (Revelation 4:1)"
DOOR,"Open in heaven (Revelation 4:1)"
VOICE,"Trumpet speaking (Revelation 4:1)"
RAINBOW,"Round throne emerald (Revelation 4:3)"
LIGHTNING,"From throne proceed (Revelation 4:5)"
THUNDER,"From throne voices (Revelation 4:5)"
GLASSS,"Sea before throne (Revelation 4:6)"
FOUR,"Living creatures full eyes (Revelation 4:6)"
LION,"First creature face (Revelation 4:7)"
CALF,"Second creature like (Revelation 4:7)"
MAN,"Third creature face (Revelation 4:7)"
EAGLE,"Fourth flying face (Revelation 4:7)"
WINGS,"Six each creature (Revelation 4:8)"
HOLY,"Thrice called (Revelation 4:8)"
LIVING,"Creature full eyes (Revelation 4:8)"
CREATURES,"Rest not day night (Revelation 4:8)"
POWER,"And riches wisdom (Revelation 5:12)"
STRENGTH,"And honor blessing (Revelation 5:12)"
WISDOM,"Blessing to him (Revelation 5:12)"
HONOR,"To Lamb forever (Revelation 5:13)"
BLESSING,"Every creature heaven (Revelation 5:13)"
FOUNDER,"Of earth sea (Revelation 5:13)"
SEA,"Creatures bless Lamb (Revelation 5:13)"
EARTH,"Things in give glory (Revelation 5:13)"
GLORY,"To sitting throne (Revelation 5:13)"
SITTING,"On throne forever (Revelation 5:13)"
FOREVER,"Blessing endures (Revelation 5:14)"
WEEPING,"For no opener scroll (Revelation 5:4)"
SLAIN,"Lamb as (Revelation 5:6)"
HORN,"Seven on Lamb (Revelation 5:6)"
EYES,"Seven Spirits sent (Revelation 5:6)"
BLOOD,"Redeemed by to God (Revelation 5:9)"
KINDS,"Every tongue people (Revelation 5:9)"
PEOPLE,"Redeemed to God (Revelation 5:9)"
TONGUE,"Every kindred (Revelation 5:9)"
KINSMEN,"From every nation (Revelation 5:9)"
NATION,"Kings earth made (Revelation 5:10)"
KINGS,"Priests to God (Revelation 5:10)"
PRIESTS,"Reign on earth (Revelation 5:10)"
REIGN,"Thousand years saints (Revelation 20:6)"
BOOK,"Little sweet bitter (Revelation 10:9)"
SWEET,"As honey in mouth (Revelation 10:9)"
BITTER,"In belly book (Revelation 10:10)"
PROPHESY,"Again with witnesses (Revelation 10:11)"
MEASURE,"Reed like rod (Revelation 11:1)"
ALTAR,"Souls under (Revelation 6:9)"
COURT,"Outer given Gentiles (Revelation 11:2)"
GENTILES,"Tread city 42 months (Revelation 11:2)"
MONTHS,"1260 witnesses prophesy (Revelation 11:3)"
SACKCLOTH,"Witnesses clothed (Revelation 11:3)"
TREES,"Two olive (Revelation 11:4)"
MEN,"Third killed woe (Revelation 9:18)"
HOURDAYMONTHYEAR,"Slay third men (Revelation 9:15)"
KILLED,"By smoke brimstone (Revelation 9:18)"
BRIMSTONE,"Torment smoke (Revelation 9:17)"
SMOKE,"Out nostrils horses (Revelation 9:18)"
HORSES,"Tails like serpents (Revelation 9:19)"
SERPENTS,"Hurt with stings (Revelation 9:19)"
STINGS,"Six months torment (Revelation 9:5)"
TORMENT,"Seek death not find (Revelation 9:6)"
DEATH,"Fled from men (Revelation 9:6)"
SCORPIONS,"Like power locusts (Revelation 9:3)"
POWER,"Five months torment (Revelation 9:10)"
CROWN,"On locust heads (Revelation 9:7)"
HEADS,"Locusts like gold (Revelation 9:7)"
GOLD,"Faces of men (Revelation 9:7)"
TEETH,"Lions locusts (Revelation 9:8)"
HAIR,"Women locusts (Revelation 9:8)"
BREASTPLATES,"Iron locusts (Revelation 9:9)"
SOUND,"Wings chariots (Revelation 9:9)"
KING,"Abaddon locusts (Revelation 9:11)"
BOTTOMLESS,"Pit opened star (Revelation 9:1)"
STAR,"Fell given key (Revelation 9:1)"
KEY,"Pit given to star (Revelation 9:1)"
PIT,"Smoke as furnace (Revelation 9:2)"
SUN,"Darkened smoke pit (Revelation 9:2)"
AIR,"Darkened smoke (Revelation 9:2)"
DARKENED,"Locusts from smoke (Revelation 9:3)"
GRASS,"Not hurt only trees (Revelation 9:4)"
TREES,"Green not hurt (Revelation 9:4)"
HURT,"Only men no seal (Revelation 9:4)"
SEAL,"Of God foreheads (Revelation 7:3)"
FOREFRONT,"Hurt not olive (Revelation 9:4)"
OLIVETREES,"Nor fig spared (Revelation 9:4)"
FIGTREE,"All green grass (Revelation 9:4)"
FORGED,"By fire hail blood (Revelation 8:7)"
GREEN,"Third trees burned (Revelation 8:7)"
BURNED,"Third earth trees (Revelation 8:7)"
BLOOD,"Sea became third (Revelation 8:7)"
FIRE,"Hail mingled blood (Revelation 8:7)"
THIRD,"Ships destroyed sea (Revelation 8:9)"
SHIPS,"Men sea died (Revelation 8:9)"
DIED,"Souls under altar (Revelation 6:9)"
LIFE,"Blood cries earth (Revelation 6:10)"
VENGEANCE,"Shed blood avenged (Revelation 6:10)"
AVENGED,"Slay fourth part (Revelation 6:8)"
SWORD,"Hunger death beasts (Revelation 6:8)"
HUNGER,"Men seek in rocks (Revelation 6:16)"
BEASTS,"Earth power given (Revelation 6:8)"
POWER,"Over fourth earth (Revelation 6:8)"
FOURTH,"Part earth killed (Revelation 6:8)"
HADES,"Followed pale horse (Revelation 6:8)"
PALEHORSE,"Death on it (Revelation 6:8)"
DEATH,"On pale horse (Revelation 6:8)"
SCALES,"In black rider hand (Revelation 6:5)"
BLACKHORSE,"Third woe (Revelation 6:5)"
CHARIOT,"Sound wings as (Revelation 9:9)"
RIDER,"On black measure (Revelation 6:5)"
MEASURE,"Wheat penny (Revelation 6:6)"
PENNY,"Denarius for barley (Revelation 6:6)"
BARLEY,"Three measures hurt (Revelation 6:6)"
HURT,"Oil wine not (Revelation 6:6)"
OIL,"Wine spared famine (Revelation 6:6)"
FAMINE,"Follows black horse (Revelation 6:5)"
PEACE,"Taken earth red (Revelation 6:4)"
REDHORSE,"Slay one another (Revelation 6:4)"
GREAT,"Sword given rider (Revelation 6:4)"
SWORD,"Red horse rider (Revelation 6:4)"
BOW,"White horse rider (Revelation 6:2)"
CROWN,"White rider given (Revelation 6:2)"
VICTORY,"Conquer white horse (Revelation 6:2)"
WHITEHORSE,"Goes conquering (Revelation 6:2)"
CONQUER,"White rider purpose (Revelation 6:2)"
LAMBOPENED,"First seal (Revelation 6:1)"
SEALOPEN,"Voice as thunder (Revelation 6:1)"
THUNDER,"Come see rider (Revelation 6:1)"
FOURBEASTS,"Saying come (Revelation 6:1)"
BEASTSAY,"Living creature (Revelation 6:1)"
CREATURECALL,"First living beast (Revelation 6:1)"
LIVINGBEAST,"Like lion voice (Revelation 6:2)"
ASALION,"Voice first beast (Revelation 6:2)"
GOFORTH,"White horse rider (Revelation 6:2)"
RIDERSEE,"Conqueror on white (Revelation 6:2)"
OVERCOME,"To conquer more (Revelation 6:2)"
ANDTO,"White horse task (Revelation 6:2)"
MORE,"Conquering rider (Revelation 6:2)"
TWELVE,"Tribes sealed (Revelation 7:5)"
TRIBES,"Of Israel sealed (Revelation 7:4)"
ISRAEL,"144000 sealed (Revelation 7:4)"
SEALED,"Servants foreheads (Revelation 7:3)"
SERVANTS,"Of God sealed (Revelation 7:3)"
FOREHEADS,"Sealed servants (Revelation 7:3)"
HURT,"Earth sea tree (Revelation 7:3)"
NOTILL,"Sealed servants (Revelation 7:3)"
TREE,"Sea air hurt (Revelation 7:3)"
AIR,"Not hurt till sealed (Revelation 7:3)"
FOURANGELS,"Holding winds earth (Revelation 7:1)"
WINDS,"Four corners held (Revelation 7:1)"
CORNERS,"Of earth angels (Revelation 7:1)"
EARTHWINDS,"Sea tree air (Revelation 7:1)"
ANGELSSTAND,"On four corners (Revelation 7:1)"
SUNRISE,"Angel ascending (Revelation 7:2)"
ASCENDING,"From east angel (Revelation 7:2)"
EAST,"Angel cry loud (Revelation 7:2)"
CRYLoud,"Hurt not earth (Revelation 7:2)"
LOUDVOICE,"Angel from east (Revelation 7:2)"
SEALGOD,"Living on forehead (Revelation 7:2)"
LIVINGGOD,"Seal servants (Revelation 7:2)"
ONE,"Hundred forty four (Revelation 7:5)"
THOUSAND,"Sealed of Judah (Revelation 7:5)"
JUDAH,"Tribe first sealed (Revelation 7:5)"
REUBEN,"Tribe second (Revelation 7:5)"
GAD,"Third tribe sealed (Revelation 7:5)"
ASHER,"Fourth sealed tribe (Revelation 7:6)"
NAPHTALI,"Fifth tribe (Revelation 7:6)"
MANASSEH,"Sixth sealed (Revelation 7:6)"
SIMEON,"Seventh tribe (Revelation 7:7)"
LEVI,"Eighth sealed (Revelation 7:7)"
ISSACHAR,"Ninth tribe (Revelation 7:7)"
ZEBULUN,"Tenth sealed (Revelation 7:7)"
JOSEPH,"Eleventh tribe (Revelation 7:8)"
BENJAMIN,"Last tribe sealed (Revelation 7:8)"
GREATMULTITUDE,"Stood before throne (Revelation 7:9)"
STOOD,"Clothed white robes (Revelation 7:9)"
ROBESWHITE,"Palms in hands (Revelation 7:9)"
PALMS,"Shout salvation (Revelation 7:10)"
SALVATION,"To God throne (Revelation 7:10)"
GODTHRONE,"Blessing honor (Revelation 7:12)"
HONOR,"Glory power wisdom (Revelation 7:12)"
GLORYPOWER,"Thanks be to God (Revelation 7:12)"
THANKS,"To our God (Revelation 7:12)"
ELDERGREAT,"Which tribe (Revelation 7:13)"
TRIBE,"Of Israel these (Revelation 7:14)"
OUTOF,"Great tribulation came (Revelation 7:14)"
TRIBULATION,"Washed robes blood (Revelation 7:14)"
BLOODLAMB,"Before throne serve (Revelation 7:15)"
SERVEGOD,"Day night temple (Revelation 7:15)"
TEMPLEGOD,"His face no hunger (Revelation 7:16)"
HUNGER,"Thirst no more (Revelation 7:16)"
THIRST,"Sun no light (Revelation 7:16)"
SUNLIGHT,"No more on them (Revelation 7:16)"
LAMBFEED,"In midst throne (Revelation 7:17)"
SHEPHERD,"Lead to springs (Revelation 7:17)"
SPRINGS,"Of water life (Revelation 7:17)"
GODWIPE,"Tears from eyes (Revelation 7:17)"
TEARS,"No more death (Revelation 21:4)"
SILENCEHEAVEN,"Half hour followed (Revelation 8:1)"
FOLLOWED,"Seventh seal opened (Revelation 8:1)"
SEVENTHSEAL,"Seven angels trumpets (Revelation 8:2)"
ANGELSTOO,"Trumpets given them (Revelation 8:2)"
GIVEN,"Golden censer altar (Revelation 8:3)"
CENSER,"Much incense saints (Revelation 8:3)"
INCENSEMUCH,"Prayers all saints (Revelation 8:3)"
PRAYERS,"Upon golden altar (Revelation 8:3)"
ALTARFIRE,"Cast to earth (Revelation 8:5)"
FIRECAST,"Voices thunders (Revelation 8:5)"
VOICES,"Lightnings earthquake (Revelation 8:5)"
LIGHTNINGS,"Great earthquake seventh (Revelation 11:19)"
EARTHQUAKES,"Small great city (Revelation 11:13)"
CITYFELL,"Tenth part down (Revelation 11:13)"
DOWN,"Seven thousand slain (Revelation 11:13)"
SLAIN,"Men gave glory God (Revelation 11:13)"
GLORYGOD,"Second woe past (Revelation 11:14)"
WOEPAST,"Third woe quick (Revelation 11:14)"
QUICKLY,"Come great voices (Revelation 11:15)"
VOICESGREAT,"In heaven kingdom (Revelation 11:15)"
KINGDOM,"World Lord's Christ (Revelation 11:15)"
CHRISTREIGN,"Forever and ever (Revelation 11:15)"
ELDERSTHANKS,"God most high (Revelation 11:17)"
MOSTHIGH,"Power to reign (Revelation 11:17)"
REIGNA,"Nations angry wrath (Revelation 11:18)"
NATIONSANGRY,"Thy servants prophets (Revelation 11:18)"
PROPHETS,"Saints small great (Revelation 11:18)"
SAINTS,"Destroy destroyers earth (Revelation 11:18)"
DESTROY,"Temple heaven opened (Revelation 11:19)"
OPENED,"Ark covenant seen (Revelation 11:19)"
ARKSEEN,"Lightnings voices (Revelation 11:19)"
VOICESLIGHTNING,"Thunders earthquake hail (Revelation 11:19)"
HAIL,"Great star burning (Revelation 8:10)"
STARFALL,"Many waters named (Revelation 8:11)"
NAMED,"Wormwood bitter (Revelation 8:11)"
BITTERWORMWOOD,"Men died waters (Revelation 8:11)"
DIEDWATERS,"Third rivers springs (Revelation 8:10)"
SPRINGSRIVERS,"Fell from heaven (Revelation 8:10)"
HEAVENFELL,"As lamp burning (Revelation 8:10)"
LAMPTORCH,"Burning mountain sea (Revelation 8:8)"
MOUNTAINBURN,"Cast into sea (Revelation 8:8)"
SEABLOOD,"Third sea blood (Revelation 8:8)"
BLOODTHIRD,"Creatures sea died (Revelation 8:9)"
CREATURES,"Third ships destroyed (Revelation 8:9)"
SHIPSDIED,"Angel sounded second (Revelation 8:8)"
SOUNDED,"Like mountain fire (Revelation 8:8)"
FIREMOUNTAIN,"Great eagle fly (Revelation 8:13)"
EAGLEFLY,"Mid heaven woe (Revelation 8:13)"
MIDHEAVEN,"Woe to inhabiters (Revelation 8:13)"
INHABITERS,"Earth other trumpets (Revelation 8:13)"
TRUMPETS,"Angel sounded third (Revelation 8:10)"
THIRDSOUNDED,"Wormwood star fell (Revelation 8:10)"
FELLSTAR,"Hail fire blood (Revelation 8:7)"
BLOODFIRE,"Cast upon earth (Revelation 8:7)"
EARTHCAST,"Third trees burned (Revelation 8:7)"
TREESBURNED,"Third green grass (Revelation 8:7)"
GRASSGREEN,"Angel stood altar (Revelation 8:3)"
ALTARSTOOD,"Golden censer given (Revelation 8:3)"
CENSERGIVEN,"Minister before God (Revelation 8:3)"
GODMINISTER,"Another mighty angel (Revelation 10:1)"
ANGELMIGHTY,"Cloud rainbow head (Revelation 10:1)"
RAINBOWCLOUD,"Pillar fire feet (Revelation 10:1)"
FIREPILLAR,"Face sun legs (Revelation 10:1)"
SUNFACE,"Little book open (Revelation 10:2)"
BOOKOPEN,"Set foot sea (Revelation 10:2)"
SEAFoot,"Earth roared lion (Revelation 10:3)"
LIONROARED,"Seven thunders uttered (Revelation 10:3)"
THUNDERSSEVEN,"Voices seal (Revelation 10:4)"
SEALED,"No write voices (Revelation 10:4)"
WRITENOT,"Time no delay (Revelation 10:6)"
DELAYNO,"Swore by creator (Revelation 10:6)"
CREATORSWARE,"Book eat belly (Revelation 10:9)"
EATBOOK,"Sweet honey mouth (Revelation 10:9)"
MOUTHONEY,"Bitter belly prophet (Revelation 10:10)"
PROPHETBITTER,"Must prophesy again (Revelation 10:11)"
AGAINPROPHESY,"Peoples nations tongues (Revelation 10:11)"
TONGUESNATIONS,"Two witnesses prophesy (Revelation 11:3)"
WITNESSTWO,"1260 days clothed (Revelation 11:3)"
DAYS1260,"Sackcloth hair (Revelation 11:3)"
HAIRSACK,"My two olive trees (Revelation 11:4)"
TREESOLIVE,"Two candlesticks stand (Revelation 11:4)"
CANDLESTANDS,"Before God earth (Revelation 11:4)"
EARTHGOD,"Fire from mouth (Revelation 11:5)"
MOUTHFIRE,"Devour enemies (Revelation 11:5)"
ENEMIESDEVOUR,"If hurt fire out (Revelation 11:5)"
FIREHURT,"Rain withheld heaven (Revelation 11:6)"
HEAVENRAIN,"Turn waters blood (Revelation 11:6)"
BLOODWATERS,"Smite earth plagues (Revelation 11:6)"
PLAGUESMIT,"As often will (Revelation 11:6)"
WILLOFTEN,"Beast ascend abyss (Revelation 11:7)"
ABYSSASCEND,"Make war witnesses (Revelation 11:7)"
WARMAKE,"Kill them street (Revelation 11:7)"
STREETKILL,"Great city spiritually (Revelation 11:8)"
CITYGREAT,"Sodom Egypt called (Revelation 11:8)"
EGYPTSODOM,"Where Lord crucified (Revelation 11:8)"
CRUCIFIEDLORD,"Their dead bodies (Revelation 11:8)"
BODIESDEAD,"Lie street great (Revelation 11:8)"
GREATSTREET,"City see not (Revelation 11:9)"
SEENOT,"Three days half (Revelation 11:9)"
DAYSHALF,"Three bodies lie (Revelation 11:9)"
LIEBODIES,"Nations tribes tongues (Revelation 11:9)"
TRIBESNATIONS,"See dead bodies (Revelation 11:9)"
BODIESSEE,"Not put graves (Revelation 11:9)"
GRAVESPUT,"Inhabitants earth rejoice (Revelation 11:10)"
EARTHINHABIT,"Send gifts merry (Revelation 11:10)"
MERRYGIFTS,"Tormented prophets (Revelation 11:10)"
PROPHETSTORMENT,"Beast hated them (Revelation 11:10)"
THEMHATED,"Great voice heaven (Revelation 11:12)"
HEAVENVOICE,"Come up hither (Revelation 11:12)"
HITHERUP,"Ascend cloud enemies (Revelation 11:12)"
ENEMIESCLOUD,"Behold earthquake great (Revelation 11:13)"
GREATQUAKE,"Tenth city fell (Revelation 11:13)"
FELLTENTH,"Names seven thousand (Revelation 11:13)"
THOUSANDSEVEN,"Slain earthquake (Revelation 11:13)"
EARTHQUAKESLAIN,"Rest afraid gave (Revelation 11:13)"
GAVEAFRAID,"Glory to God (Revelation 11:13)"
GODGLORY,"Third woe cometh (Revelation 11:14)"
COMETHWOE,"Quickly seventh angel (Revelation 11:15)"
ANGELSEVENTH,"Trumpet seventh sounded (Revelation 11:15)"
SOUNDEDTRUMPET,"Kingdoms our Lord (Revelation 11:15)"
LORDKINGDOMS,"He reign forever (Revelation 11:15)"
FOREVERREIGN,"Twenty four elders (Revelation 11:16)"
ELDERSTWENTY,"Fell prostrate worshipped (Revelation 11:16)"
WORSHIPPEDPROSTRATE,"God Almighty (Revelation 11:17)"
ALMIGHTYGOD,"Art to come (Revelation 11:17)"
COMEARTH,"Reigned now (Revelation 11:17)"
NOWREIGNED,"Nations wroth thy (Revelation 11:18)"
THYWROTH,"Wrath come time (Revelation 11:18)"
TIMEWRATH,"Dead judged (Revelation 11:18)"
JUDGEDDEAD,"Reward servants prophets (Revelation 11:18)"
PROPHETSSERVANTS,"Saints great small (Revelation 11:18)"
SMALLGREAT,"Corrupt earth destroyed (Revelation 11:18)"
DESTROYEDCORRUPT,"Temple God opened (Revelation 11:19)"
GODTEMPLE,"Heaven ark covenant (Revelation 11:19)"
COVENANTARK,"Noises lightnings (Revelation 11:19)"
LIGHTNINGSNOISES,"Thunders earthquake great (Revelation 11:19)"
GREATEARTHQUAKE,"Hail great followed (Revelation 11:19)"
FOLLOWEDHAIL,"Sign great woman (Revelation 12:1)"
WOMANGREAT,"Clothed sun moon (Revelation 12:1)"
MOONSUN,"Stars under feet (Revelation 12:1)"
FEETSTARS,"Crown twelve stars (Revelation 12:1)"
STARSCROWN,"Wilderness prepared place (Revelation 12:6)"
PLACEREPERED,"1260 days there (Revelation 12:6)"
THEREDAYS,"Child male born (Revelation 12:5)"
BORNMALE,"Rod iron rule (Revelation 12:5)"
RULEIRON,"Caught up God throne (Revelation 12:5)"
THRONEGOD,"Dragon great red (Revelation 12:3)"
REDGREAT,"Seven heads diadems (Revelation 12:3)"
DIademsHEADS,"Horns ten seven (Revelation 12:3)"
SEVENTEN,"Tail drew stars (Revelation 12:4)"
STARS DREW,"Third heaven cast (Revelation 12:4)"
CASTHEAVEN,"Devour child woman (Revelation 12:4)"
WOMANCHILD,"Brought forth man (Revelation 12:5)"
MANFORTH,"She fled wilderness (Revelation 12:6)"
WILDERNESSFLED,"Two wings eagle (Revelation 12:14)"
EAGLEWINGS,"Great eagle given (Revelation 12:14)"
GIVEN EAGLE,"Heaven place nourished (Revelation 12:14)"
NOURISHEDPLACE,"Time times half (Revelation 12:14)"
HALFTIMES,"Dragon pursued woman (Revelation 12:13)"
WOMANPURSUED,"Earth helped woman (Revelation 12:16)"
WOMANHELPED,"Opened mouth earth (Revelation 12:16)"
EARTHMOUTH,"Swallowed flood dragon (Revelation 12:16)"
DRAGONFLOOD,"Poured water mouth (Revelation 12:15)"
MOUTHWATER,"As river flood (Revelation 12:15)"
FLOODRIVER,"Dragon wroth woman (Revelation 12:17)"
WOMANWROTH,"Went make war remnant (Revelation 12:17)"
REMANTHWAR,"Seed keep commandments (Revelation 12:17)"
COMMANDMENTS KEEP,"Jesus testimony (Revelation 12:17)"
TESTIMONYJESUS,"War heaven Michael (Revelation 12:7)"
MICHAELWAR,"Angels fought dragon (Revelation 12:7)"
DRAGONFOUGHT,"Satan great dragon (Revelation 12:9)"
DRAGONSATAN,"Devil ancient serpent (Revelation 12:9)"
SERPENTANCIENT,"Whole world deceived (Revelation 12:9)"
DECEIVEDWORLD,"Cast out heaven (Revelation 12:9)"
HEAVENCAST,"Accuser brethren cast (Revelation 12:10)"
CASTBRETHREN,"Day night accused (Revelation 12:10)"
ACCUSEDD AY,"Salvation power kingdom (Revelation 12:10)"
KINGDOMPOWER,"Overcome by blood (Revelation 12:11)"
BLOODOVERCOME,"Word testimony loved (Revelation 12:11)"
LOVEDTESTIMONY,"Life not dearly (Revelation 12:11)"
DEARLYLIFE,"Rejoice heavens (Revelation 12:12)"
HEAVENSREJOICE,"Woe earth sea (Revelation 12:12)"
SEAW O E,"Devil descended wrath (Revelation 12:12)"
WRATHDESCENDED,"Little time hath (Revelation 12:12)"
HATHTIME,"Saw beast rise (Revelation 13:1)"
BEASTSAW,"Sea blasphemous names (Revelation 13:1)"
NAMESBLASPHEMOUS,"Leopard bear lion (Revelation 13:2)"
LIONBEAR,"Dragon gave power (Revelation 13:2)"
POWERDRAGON,"Throne authority beast (Revelation 13:2)"
BEASTAUTHORITY,"One head wounded (Revelation 13:3)"
WOUNDEDHEAD,"Death stroke healed (Revelation 13:3)"
HEALEDSTROKE,"Earth wondered beast (Revelation 13:3)"
BEASTWONDERED,"Worship dragon power (Revelation 13:4)"
POWERWORSHIP,"Who like beast (Revelation 13:4)"
BEASTLIKE,"Overcome saints (Revelation 13:7)"
SAINTSOVERCOME,"Blaspheme God name (Revelation 13:6)"
NAMEGOD,"Forty two months (Revelation 13:5)"
MONTHS FORTY,"Power given over (Revelation 13:7)"
OVERGIVEN,"Saints every tribe (Revelation 13:7)"
TRIBEEVERY,"Worship image beast (Revelation 13:15)"
IMAGEWORSHIP,"Mark name number (Revelation 13:17)"
NUMBERNAME,"Buy sell without (Revelation 13:17)"
SELLBUY,"Six hundred threescore (Revelation 13:18)"
THREESCORESIX,"Number man beast (Revelation 13:18)"
BEASTMAN,"Another beast earth (Revelation 13:11)"
BEASTANOTHER,"Two horns like (Revelation 13:11)"
LIKEHORN,"Lamb spake dragon (Revelation 13:11)"
DRAGONSPAKE,"Exercise authority beast (Revelation 13:12)"
BEASTAUTHORITY,"Make fire heaven (Revelation 13:13)"
HEAVENFIRE,"Great wonders signs (Revelation 13:13)"
SIGNSWONDERS,"Deceiveth earth dwellers (Revelation 13:14)"
DWELLERSEARTH,"Image beast breath (Revelation 13:15)"
BREATHIMAGE,"Cause worship or (Revelation 13:15)"
ORKILL,"Mark right hand (Revelation 13:16)"
HANDRIGHT,"Forehead mark name (Revelation 13:16)"
NAMEMARK,"No man buy (Revelation 13:17)"
BUYNOMAN,"Unless mark name (Revelation 13:17)"
NAMEUNLESS,"Wisdom calculate number (Revelation 13:18)"
NUMBERCALCULATE,"Lamb stood Mount (Revelation 14:1)"
MOUNTLAMB,"Zion with 144000 (Revelation 14:1)"
144000WITH,"Name Father forehead (Revelation 14:1)"
FOREHEADFATHER,"Harpers harping harps (Revelation 14:2)"
HARPSHARPING,"Voice waters many (Revelation 14:2)"
MANYWATERS,"Voice thunder great (Revelation 14:2)"
GREATTHUNDER,"Voice harpers heard (Revelation 14:2)"
HEARDDHARPERS,"Song new before (Revelation 14:3)"
NEWS ONG,"Learn none but (Revelation 14:3)"
BUTNONE,"Redeemed firstfruits (Revelation 14:4)"
FIRSTFRUITS,"Mouth no guile (Revelation 14:5)"
GUILEMOUTH,"Follow Lamb whithersoever (Revelation 14:4)"
LAMB FOLLOW,"Virgins undefiled (Revelation 14:4)"
UNDEFILEDVIRGINS,"Redeemed from earth (Revelation 14:3)"
EART HREDEEMED,"In their mouth (Revelation 14:5)"
MOUTH THEIR,"Blameless before throne (Revelation 14:5)"
THRONEBLAMELESS,"Angel fly midst (Revelation 14:6)"
MIDSTFLY,"Heaven gospel eternal (Revelation 14:6)"
ETERNALGOSPEL,"Fear God give (Revelation 14:7)"
GIVEGOD,"Glory him hour (Revelation 14:7)"
HOURGLORY,"Judgment come worship (Revelation 14:7)"
WORSHIPCOME,"Made heaven earth (Revelation 14:7)"
EARTHHEAVEN,"Sea fountains waters (Revelation 14:7)"
WATERSFOUNTAINS,"Another angel followed (Revelation 14:8)"
ANGELANOTHER,"Babylon fallen great (Revelation 14:8)"
GREATFALLEN,"Made drink nations (Revelation 14:8)"
NATIONSDRINK,"Wine wrath fornication (Revelation 14:8)"
FORNICATIONWRATH,"Third angel followed (Revelation 14:9)"
ANGELTHIRD,"If any worship (Revelation 14:9)"
WORSHIPANY,"Beast image mark (Revelation 14:9)"
MARKIMAGE,"Drink wine wrath (Revelation 14:10)"
WRATHWINE,"God undiluted cup (Revelation 14:10)"
CUPUNDILUTED,"Tormented fire brimstone (Revelation 14:10)"
BRIMSTONEFIRE,"Presence Lamb angels (Revelation 14:10)"
ANGELSLAMB,"Smoke torment ascends (Revelation 14:11)"
ASCENDS TORMENT,"No rest day night (Revelation 14:11)"
NIGHTDAY,"Worship beast name (Revelation 14:11)"
NAMESBEAST,"Patience saints herein (Revelation 14:12)"
HEREINSAINTS,"Keep commandments Jesus (Revelation 14:12)"
JESUSCOMMANDMENTS,"Blessed dead henceforth (Revelation 14:13)"
HENCEFORTHDEAD,"Rest labors works follow (Revelation 14:13)"
FOLLOWWORKS,"Son man cloud (Revelation 14:14)"
CLOUDS MAN,"Golden crown sickle (Revelation 14:14)"
SICKLECROWN,"Sharp sickle angel (Revelation 14:17)"
ANGELSICKLE,"Ripe harvest earth (Revelation 14:15)"
EARTHHARVEST,"Thrust sickle earth (Revelation 14:16)"
EARTHSICKLE,"Grapes earth full (Revelation 14:18)"
FULLGRAPES,"Great winepress wrath (Revelation 14:19)"
WRATHWINEPRESS,"Blood horse bridles (Revelation 14:20)"
BRIDLES HORSE,"Mile thousand outside (Revelation 14:20)"
OUTSIDETH OUSAND,"Seven angels plagues (Revelation 15:1)"
PLAGUESANGELS,"Last complete wrath (Revelation 15:1)"
WRATHCOMPLETE,"Sea glass like crystal (Revelation 15:2)"
CRYSTALGLASS,"Victory harp God (Revelation 15:2)"
GODHARP,"Sing song Moses (Revelation 15:3)"
MOSESSONG,"Song Lamb marvelous (Revelation 15:3)"
MARVELOUSLAMB,"Just true ways (Revelation 15:3)"
WAYS TRUE,"King saints (Revelation 15:3)"
SAINTSKING,"Temple heaven opened (Revelation 15:5)"
HEAVENTEMPLE,"Tabernacle testimony (Revelation 15:5)"
TESTIMONYTABERNACLE,"Seven angels out (Revelation 15:6)"
ANGELSSEVEN,"Linen pure bright (Revelation 15:6)"
BRIGHTPURE,"Girded breasts golden (Revelation 15:6)"
GOLDENBREASTS,"Vials wrath God (Revelation 15:7)"
GODWRATH,"Pour plagues earth (Revelation 15:1)"
EARTHPOUR,"No man enter (Revelation 15:8)"
ENTERMAN,"Temple filled smoke (Revelation 15:8)"
SMOKETEMPLE,"Glory power God (Revelation 15:8)"
GODPOWER,"No till plagues (Revelation 15:8)"
PLAGUESTILL,"First angel went (Revelation 16:2)"
ANGELFIRST,"Vial wrath earth (Revelation 16:2)"
EARTHWRATH,"Noisy grievous sore (Revelation 16:2)"
SOREGRIEVOUS,"Worship beast mark (Revelation 16:2)"
MARKBEAST,"Second angel poured (Revelation 16:3)"
POUREDANGEL,"Vial sea blood (Revelation 16:3)"
BLOODSEA,"Every living soul (Revelation 16:3)"
SOULLIVING,"Died sea things (Revelation 16:3)"
THINGSSEA,"Third angel rivers (Revelation 16:4)"
RIVERSTHIRD,"Springs became blood (Revelation 16:4)"
BLOODSPRINGS,"I heard angel (Revelation 16:5)"
ANGELHEARD,"Just art thou (Revelation 16:5)"
THOUART,"Sanctified true (Revelation 16:5)"
TRUE SANCTIFIED,"Gave blood worthy (Revelation 16:6)"
WORTHYBLOOD,"Saints prophets vengeance (Revelation 16:6)"
VENGEANCEPROPHETS,"I heard another (Revelation 16:7)"
ANOTHERHEARD,"From altar true (Revelation 16:7)"
TRUEALTAR,"Lord judgments great (Revelation 16:7)"
GREATJUDGMENTS,"Fourth angel poured (Revelation 16:8)"
POURED FO URTH,"Vial sun men (Revelation 16:8)"
MEN SUN,"Scorched great heat (Revelation 16:9)"
HEATSCORCHED,"Blasphemed God throne (Revelation 16:9)"
THRONEGOD,"No repent give (Revelation 16:9)"
GIVERE PENT,"Fifth angel poured (Revelation 16:10)"
POURED FIFTH,"Vial beast throne (Revelation 16:10)"
THRONEBEAST,"Kingdom darkened (Revelation 16:10)"
DARKENEDKINGDOM,"Bit tongue pain (Revelation 16:10)"
PAINBIT,"Blasphemed God heaven (Revelation 16:11)"
HEAVENGOD,"No repent works (Revelation 16:11)"
WORKSREPENT,"Sixth angel poured (Revelation 16:12)"
POURED SIXTH,"Vial river Euphrates (Revelation 16:12)"
EUPHRATESRIVER,"Waters dried way (Revelation 16:12)"
WAYDRIED,"Kings east kings (Revelation 16:12)"
KINGSEAST,"Unclean spirits frog (Revelation 16:13)"
FROGSPIRITS,"Out mouth dragon (Revelation 16:13)"
DRAGONMOUTH,"Beast false prophet (Revelation 16:13)"
PROPHETFALSE,"Miracles spirits (Revelation 16:14)"
SPIRITSMIRACLES,"Kings earth gather (Revelation 16:14)"
GATHER EARTH,"War great day (Revelation 16:14)"
DAYWAR,"God Almighty I (Revelation 16:14)"
IALMIGHTY,"Behold I come (Revelation 16:15)"
COMEBEHOLD,"Thief blessed watcheth (Revelation 16:15)"
WATCHETHBLESS,"Keepeth garments (Revelation 16:15)"
GARMENTS KEEP,"Shame naked walk (Revelation 16:15)"
WALKN AKED,"Spirits gathered kings (Revelation 16:16)"
KINGSGATHERED,"Armageddon place (Revelation 16:16)"
PLACEARMAGEDDON,"Seventh angel poured (Revelation 16:17)"
POURED SEVENTH,"Vial air voice (Revelation 16:17)"
VOICEAIR,"From throne done (Revelation 16:17)"
DONETHRONE,"Lightnings voices (Revelation 16:18)"
VOICESLIGHTNING,"Thunders great earthquake (Revelation 16:18)"
EARTHQUAKEGREAT,"Such never was (Revelation 16:18)"
WASNEVER,"Cities nations fell (Revelation 16:19)"
FELLNATIONS,"Great Babylon remembered (Revelation 16:19)"
BABYLONGREAT,"Cup wine wrath (Revelation 16:19)"
WRATHWINE,"Every island fled (Revelation 16:20)"
FLEDEVERY,"Mountains not found (Revelation 16:20)"
FOUNDMOUNTAINS,"Hail great talent (Revelation 16:21)"
TALENTHAIL,"Men blasphemed God (Revelation 16:21)"
GODBLASPHEMED,"Plague hail exceeding (Revelation 16:21)"
EXCEEDINGPLAGUE,"Mystery Babylon great (Revelation 17:5)"
GREATBABYLON,"Mother harlots abominations (Revelation 17:5)"
ABOMINATIONSHARLOTS,"Earth drunk blood (Revelation 17:6)"
BLOODDRUNK,"Saints prophets blood (Revelation 17:6)"
BLOODPROPHETS,"Wondered with great (Revelation 17:6)"
GREATWONDERED,"One seven heads (Revelation 17:9)"
HEADSSEVEN,"Woman sitteth hills (Revelation 17:9)"
HILLS SITTETH,"Five fallen one (Revelation 17:10)"
ONEFALLEN,"Is other not yet (Revelation 17:10)"
YETNOT,"Little while reign (Revelation 17:10)"
REIGNWHILE,"Eighth kings beast (Revelation 17:11)"
BEASTKINGS,"Of seven was (Revelation 17:11)"
WASSEVEN,"Goeth perdition damnation (Revelation 17:11)"
DAMNATIONGOETH,"Ten horns kings (Revelation 17:12)"
KINGSHORNS,"One hour receive (Revelation 17:12)"
RECEIVEHOUR,"Power authority beast (Revelation 17:12)"
BEASTAUTHORITY,"One mind give (Revelation 17:13)"
GIVEMIND,"Power beast one (Revelation 17:13)"
ONEBEAST,"War Lamb overcome (Revelation 17:14)"
OVERCOMEWAR,"Lord lords king (Revelation 17:14)"
KINGLORDS,"Called chosen faithful (Revelation 17:14)"
FAITHFULCHOSEN,"Waters woman sat (Revelation 17:15)"
SATWOMAN,"Peoples multitudes nations (Revelation 17:15)"
NATIONSMULTITUDES,"Tongues waters peoples (Revelation 17:15)"
PEOPLESWATERS,"Hate harlot waste (Revelation 17:16)"
WASTEHATE,"Flesh eat burn (Revelation 17:16)"
BURNEAT,"Fire fulfill God (Revelation 17:17)"
GODFULFILL,"Mind one put (Revelation 17:17)"
PUTMIND,"Words God done (Revelation 17:17)"
DONEGOD,"City one hour (Revelation 18:10)"
HOURCITY,"Judgment thy plagues (Revelation 18:8)"
PLAGUESTHY,"Come suddenly death (Revelation 18:8)"
DEATHSUDDENLY,"Mourning famine fire (Revelation 18:8)"
FIREFAMINE,"Strong city one (Revelation 18:10)"
ONESTRONG,"Hour judgment come (Revelation 18:10)"
COM EJUDGMENT,"Merchants earth rich (Revelation 18:11)"
RICH EARTH,"No buy goods (Revelation 18:11)"
GOODSNOBUY,"Cargoes gold silver (Revelation 18:12)"
SILVERGOLD,"Precious stones pearls (Revelation 18:12)"
PEARLSSTONES,"Fine linen scarlet (Revelation 18:12)"
SCARLETLINEN,"Citron wood ivory (Revelation 18:12)"
IVORYWOOD,"All vessels thyine (Revelation 18:12)"
THYINEVESSELS,"Bronze iron marble (Revelation 18:12)"
MARBLEIRON,"Cinnamon spice incense (Revelation 18:13)"
INCENSESPICE,"Ointment frankincense (Revelation 18:13)"
FRANKINCENSEOINTMENT,"Wine oil fine (Revelation 18:13)"
FINEOIL,"Flour wheat beasts (Revelation 18:13)"
BEASTSWHEAT,"Horses chariots slaves (Revelation 18:13)"
SLAVESCHARIOTS,"Souls men bodies (Revelation 18:13)"
BODIESSOULS,"Fruit soul longed (Revelation 18:14)"
LONGE DS OUL,"No more find (Revelation 18:14)"
FINDMORE,"Captains sea afar (Revelation 18:17)"
AFARSE A,"One hour desolate (Revelation 18:17)"
DESOLATEHOUR,"Wealth perished (Revelation 18:17)"
PERISHEDWEALTH,"Sing lamentation (Revelation 18:9)"
LAMENTSING,"Kings earth committed (Revelation 18:9)"
COMMITTEDEARTH,"Fornication lived deliciously (Revelation 18:9)"
DELICIOUSLYLIVED,"Shall see burning (Revelation 18:18)"
BURNINGSEE,"What city like (Revelation 18:18)"
LIKE CITY,"Dust earth thrown (Revelation 18:19)"
THROWNDUST,"Woe woe city (Revelation 18:19)"
CITYWOE,"Gold silver desolate (Revelation 18:19)"
DESOLATESILVER,"No more at (Revelation 18:21)"
ATMORE,"Mighty angel millstone (Revelation 18:21)"
MILLSTON EANGEL,"Cast great sea (Revelation 18:21)"
SEACAST,"Thus violently Babylon (Revelation 18:21)"
BABYLONVIOLENTLY,"No more sound (Revelation 18:22)"
SOUNDSMORE,"Harp music flute (Revelation 18:22)"
FLUTEMUSIC,"Trumpet no more (Revelation 18:22)"
MOREDONE,"Grind millstone sound (Revelation 18:22)"
SOUND MILL,"Light lamp shine (Revelation 18:23)"
SHINELAMP,"Voice bridegroom bride (Revelation 18:23)"
BRIDEBRIDEGROOM,"Merchants great men (Revelation 18:23)"
MENGREAT,"Deceived sorceries all (Revelation 18:23)"
ALLSORCERIES,"Blood prophets saints (Revelation 18:24)"
SAINTSBLOOD,"All slain earth (Revelation 18:24)"
EARTHSLAIN,"After these heaven (Revelation 19:1)"
HEAVENAFTER,"Hallelujah salvation power (Revelation 19:1)"
POWER SALVATION,"Judgments true holy (Revelation 19:2)"
HOLYTRUE,"Avenged blood servants (Revelation 19:2)"
SERVANTSAVENGED,"Smoke ascends forever (Revelation 19:3)"
FOREVERASCENDS,"Hallelujah throne (Revelation 19:4)"
THRONEHALLELUJAH,"Praise our God (Revelation 19:5)"
GODPRAISE,"Fear him saints (Revelation 19:5)"
SAINTSF EAR,"Great voice multitude (Revelation 19:6)"
MULTITUDEVOICE,"As waters many (Revelation 19:6)"
MANYWATERS,"Voice thunder great (Revelation 19:6)"
GREATTHUNDER,"Hallelujah Lord God (Revelation 19:6)"
GODLORD,"Almighty reigneth (Revelation 19:6)"
REIGNETHALMIGHTY,"Marriage Lamb come (Revelation 19:7)"
COMELAMB,"Wife ready arrayed (Revelation 19:7)"
ARRAYEDREADY,"Fine linen clean (Revelation 19:8)"
CLEANLINEN,"Righteousness saints (Revelation 19:8)"
SAINTSRIGHTEOUSNESS,"Blessed called marriage (Revelation 19:9)"
MARRIAGE CALLED,"Write blessed supper (Revelation 19:9)"
SUPPERBLESS,"Angel heaven said (Revelation 19:10)"
SAIDHEAVEN,"Worship God testimony (Revelation 19:10)"
TESTIMONYGOD,"Spirit prophets (Revelation 19:10)"
PROPHETSSIRIT,"Heaven opened saw (Revelation 19:11)"
SAWOPENED,"White horse faithful (Revelation 19:11)"
FAITHFULHORSE,"True called (Revelation 19:11)"
CALLEDTRUE,"Eyes flame fire (Revelation 19:12)"
FIREFLAME,"Crowns many diadems (Revelation 19:12)"
DIademsMANY,"Name written unknown (Revelation 19:12)"
UNKNOWNNAME,"Vestment dipped blood (Revelation 19:13)"
BLOODDIPPED,"Word God called (Revelation 19:13)"
CALLEDWORD,"Armies heaven followed (Revelation 19:14)"
FOLLOWEDHEAVEN,"White pure linen (Revelation 19:14)"
LINENPURE,"On white horses (Revelation 19:14)"
HORSESWHITE,"Mouth sword sharp (Revelation 19:15)"
SHARPSWORD,"Smite nations rod (Revelation 19:15)"
RODNATIONS,"Iron rule them (Revelation 19:15)"
THEMRULE,"Tread winepress wrath (Revelation 19:15)"
WRATHWINEPRESS,"Fierce anger Almighty (Revelation 19:15)"
ALMIGHTYANGER,"Name King kings (Revelation 19:16)"
KINGSKING,"Lord lords thigh (Revelation 19:16)"
LORDLORD,"Angel stood altar (Revelation 19:17)"
ALTARSTOOD,"Great voice fowl (Revelation 19:17)"
FOWLVOICE,"Mid heaven supper (Revelation 19:17)"
SUPPERHEAVEN,"Kings captains rich (Revelation 19:18)"
RICH CAPTAINS,"Flesh horses flesh (Revelation 19:18)"
FLESHHORSE,"All free great (Revelation 19:18)"
GREATFREE,"Gathered kill beast (Revelation 19:19)"
BEASTKILL,"Kings earth army (Revelation 19:19)"
ARMY EARTH,"Birds called supper (Revelation 19:21)"
SUPPERCALLED,"Flesh of captains (Revelation 19:18)"
CAPTAINSFLESH,"Beast kings earth (Revelation 19:19)"
EARTHKINGS,"Taken beast false (Revelation 19:20)"
FALSEBEAST,"Prophet miracles deceived (Revelation 19:20)"
DECEIVEDMIRACLES,"Fire heaven before (Revelation 19:20)"
BEFOREHEAVEN,"Cast alive lake (Revelation 19:20)"
LAKEALIVE,"Fire brimstone torment (Revelation 19:20)"
TORMENTBRIMSTONE,"Rest slain sword (Revelation 19:21)"
SWORD SLAIN,"Birds filled flesh (Revelation 19:21)"
FLESHBIRDS,"Saw heaven open (Revelation 19:11)"
OPENS AW,"Thousand years bound (Revelation 20:2)"
B OUND YEARS,"Satan dragon bound (Revelation 20:2)"
DRAGONSATAN,"Cast bottomless pit (Revelation 20:3)"
PITBOTTOMLESS,"Deceive nations no (Revelation 20:3)"
NONATIONS,"After thousand loosed (Revelation 20:3)"
LOOSEDTHOUSAND,"First resurrection blessed (Revelation 20:5)"
BLESSRE SUR,"Second death power (Revelation 20:6)"
POWERDEATH,"Priests God Christ (Revelation 20:6)"
CHRISTPRIESTS,"Reign thousand years (Revelation 20:6)"
YEARSREIGN,"Gog Magog gathered (Revelation 20:8)"
GOGMAGOG,"Sands sea number (Revelation 20:8)"
NUMBERSEA,"Fire came down (Revelation 20:9)"
DOWNFIRE,"Devoured them camp (Revelation 20:9)"
CAM PDEV OURED,"Devil cast lake (Revelation 20:10)"
LAKEDEVIL,"Fire brimstone tormented (Revelation 20:10)"
TORMENTEDBRIMSTONE,"Day night forever (Revelation 20:10)"
FOREVERNIGHT,"Dead small great (Revelation 20:12)"
GREATSMALL,"Books opened judged (Revelation 20:12)"
JUDGEDOPENED,"Book life opened (Revelation 20:12)"
OPENEDLIFE,"Judged works written (Revelation 20:12)"
WRITTENWORKS,"Sea gave dead (Revelation 20:13)"
DEADGAVE,"Death hell gave (Revelation 20:13)"
GAVEHELL,"Judged every man (Revelation 20:13)"
MANEVERY,"According works died (Revelation 20:13)"
DIEDWORKS,"Death hell cast (Revelation 20:14)"
CASTHELL,"Lake fire second (Revelation 20:14)"
SECONDFIRE,"Death lake fire (Revelation 20:14)"
FIRELAKE,"Not found life (Revelation 20:15)"
LIFENOT,"New heaven earth (Revelation 21:1)"
EARTHNEW,"First passed away (Revelation 21:1)"
AWAYPASSED,"No sea more (Revelation 21:1)"
MORESEA,"New Jerusalem coming (Revelation 21:2)"
COMINGJERUSALEM,"Prepared bride adorned (Revelation 21:2)"
ADORNEDBRIDE,"Voice great said (Revelation 21:3)"
SAIDGREAT,"Tabernacle men God (Revelation 21:3)"
GODMEN,"Dwell with them (Revelation 21:3)"
THEMDWELL,"People God be (Revelation 21:3)"
BEGOD,"Wipe tears eyes (Revelation 21:4)"
EYES TEARS,"No death sorrow (Revelation 21:4)"
SORROWDEATH,"No crying pain (Revelation 21:4)"
PAINCRYING,"First things passed (Revelation 21:4)"
PASSEDTHINGS,"He sitting throne (Revelation 21:5)"
THRONESITTING,"Make all new (Revelation 21:5)"
NEWALL,"Write faithful true (Revelation 21:5)"
TRUEFAITHFUL,"It is done (Revelation 21:6)"
DONEIT,"Alpha Omega beginning (Revelation 21:6)"
BEGGINGOMEGA,"Thirsty give water (Revelation 21:6)"
WATERGIVE,"Fountain life free (Revelation 21:6)"
FREELIFE,"Overcometh inherit all (Revelation 21:7)"
ALLINHERIT,"Cowardly unbelieving (Revelation 21:8)"
UNBELIEVINGCOWARDLY,"Abominable murderers sorcerers (Revelation 21:8)"
SORCERERSMURDERERS,"Idolaters liars second (Revelation 21:8)"
SECONDLIARS,"Death lake fire (Revelation 21:8)"
FIRELAKE,"One jasper clear (Revelation 21:11)"
CLEARJASPER,"Glory God light (Revelation 21:11)"
LIGHTGOD,"Wall great high (Revelation 21:12)"
HIGHWALL,"Twelve gates angels (Revelation 21:12)"
ANGELSGATES,"Names tribes Israel (Revelation 21:12)"
ISRAELTRIBES,"Three gates east (Revelation 21:13)"
EASTGATES,"North south west (Revelation 21:13)"
WESTSOUTH,"Wall city twelve (Revelation 21:14)"
TWELVECITY,"Foundations names apostles (Revelation 21:14)"
APOSTLESFOUNDATIONS,"Angel measure city (Revelation 21:15)"
CITYMEASURE,"Reed gold measure (Revelation 21:15)"
MEASUREGOLD,"City foursquare (Revelation 21:16)"
FOURSQUARECITY,"Length breadth height (Revelation 21:16)"
HEIGHTBREADTH,"Equal angel measured (Revelation 21:17)"
MEASUREDANGEL,"Wall hundred forty (Revelation 21:17)"
FORTYWALL,"Fours reed measure (Revelation 21:17)"
MEASUREREED,"Wall jasper clear (Revelation 21:18)"
CLEARJASPER,"City pure gold (Revelation 21:18)"
GOLDPURE,"Glass clear gold (Revelation 21:18)"
GOLDGLASS,"Foundations adorned stones (Revelation 21:19)"
STONESADORNED,"First jasper second (Revelation 21:19)"
SECONDSAPPHIRE,"Third chalcedony fourth (Revelation 21:19)"
FOURTH EMERALD,"Fifth sardonyx sixth (Revelation 21:20)"
SIXTHSARUS,"Seventh chrysolite eighth (Revelation 21:20)"
EIGHTHBERYL,"Ninth topaz tenth (Revelation 21:20)"
TENTHCHRYSOPRASE,"Eleventh jacinth twelfth (Revelation 21:20)"
TWELFTHAMETHYST,"City street pure (Revelation 21:21)"
PURESTREET,"Gold transparent glass (Revelation 21:21)"
GLASSTRANSPARENT,"Gates twelve pearls (Revelation 21:21)"
PEARLSGATES,"Each gate single (Revelation 21:21)"
SINGLEEACH,"Pearl street gold (Revelation 21:21)"
GOLDSTREET,"No temple therein (Revelation 21:22)"
THERENTEMPLE,"Lord God Almighty (Revelation 21:22)"
ALMIGHTYGOD,"Lamb temple (Revelation 21:22)"
TEMPLELAMB,"City no need (Revelation 21:23)"
NEEDCITY,"Sun light moon (Revelation 21:23)"
MOONLIGHT,"Glory God lightens (Revelation 21:23)"
LIGHTENSGOD,"Lamb lamp thereof (Revelation 21:23)"
THEREOFLAMB,"Nations walk light (Revelation 21:24)"
LIGHTWALK,"Kings earth glory (Revelation 21:24)"
GLORYEARTH,"Gates not shut (Revelation 21:25)"
SHUTNOT,"Day no night (Revelation 21:25)"
NIGHTDAY,"Bring glory nations (Revelation 21:26)"
NATION SGLORY,"Nothing unclean enter (Revelation 21:27)"
ENTERUNCLEAN,"Written book life (Revelation 21:27)"
LIFEB OOK,"Lamb servants (Revelation 22:3)"
SERVANTSLAMB,"No curse more (Revelation 22:3)"
MORECURSE,"Throne God Lamb (Revelation 22:3)"
LAMBGOD,"Street thereof center (Revelation 22:2)"
CENTERSTREET,"River water life (Revelation 22:1)"
LIFEWATER,"Clear crystal proceeding (Revelation 22:1)"
PROCEEDINGCRYSTAL,"Throne God Lamb (Revelation 22:1)"
LAMBGOD,"Mid street river (Revelation 22:2)"
RIVERSTREET,"Tree life either (Revelation 22:2)"
SIDES EITHER,"Side bearing fruit (Revelation 22:2)"
FRUITBEARING,"Months twelve fruit (Revelation 22:2)"
FRUITTWELVE,"Leaves healing nations (Revelation 22:2)"
NATIONSHEALING,"No curse night (Revelation 22:3)"
NIGHTCURSE,"See face his (Revelation 22:4)"
HISFACE,"Name foreheads (Revelation 22:4)"
FOREHEADSNAME,"Night no more (Revelation 22:5)"
MORESIGHT,"Lamp light sun (Revelation 22:5)"
SUNLIGHT,"Lord give light (Revelation 22:5)"
LIGHTGIVE,"Reign forever (Revelation 22:5)"
FOREVERREIGN,"Said he angel (Revelation 22:6)"
ANGELHE,"Things shortly fulfilled (Revelation 22:6)"
FULFILLED SHORTLY,"Lord God prophets (Revelation 22:6)"
PROPHETSGOD,"Sent angel show (Revelation 22:6)"
SHOWANGEL,"Churches things quick (Revelation 22:6)"
QUICKTHINGS,"Behold I come (Revelation 22:7)"
COMEBEHOLD,"Blessed keep words (Revelation 22:7)"
WORDSKEEP,"Prophecy this book (Revelation 22:7)"
BOOKPROPHECY,"John saw heard (Revelation 22:8)"
HEARDSAW,"Fell worship angel (Revelation 22:8)"
ANGELWORSHIP,"See worship God (Revelation 22:9)"
GODWORSHIP,"Brethren prophets words (Revelation 22:9)"
WORDS PROPHETS,"Keep sayings book (Revelation 22:9)"
BOOKSAYINGS,"Seal not words (Revelation 22:10)"
WORDSSEAL,"Time near at (Revelation 22:10)"
ATNEAR,"Unjust let unjust (Revelation 22:11)"
UNJUSTLET,"Filthy still filthy (Revelation 22:11)"
FILTHYSTILL,"Righteous do righteous (Revelation 22:11)"
RIGHTEOUSDO,"Holy still holy (Revelation 22:11)"
HOLYSTILL,"Behold I come (Revelation 22:12)"
COMEBEHOLD,"Reward with me (Revelation 22:12)"
MEWITH,"Give every man (Revelation 22:12)"
MANEVERY,"Work I according (Revelation 22:12)"
ACCORDINGWORK,"Alpha Omega first (Revelation 22:13)"
FIRSTOMEGA,"Last beginning end (Revelation 22:13)"
ENDBEGINNING,"Blessed wash robes (Revelation 22:14)"
ROBESWASH,"Right tree life (Revelation 22:14)"
LIFETREE,"Enter gates city (Revelation 22:14)"
CITYGATES,"Without dogs sorcerers (Revelation 22:15)"
SORCERERSDOGS,"Idolaters whosoever (Revelation 22:15)"
WHOSOEVERIDOLATERS,"Loveth lying maketh (Revelation 22:15)"
MAKETHLYING,"I Jesus sent (Revelation 22:16)"
SENTJESUS,"Angel testify churches (Revelation 22:16)"
CHURCHESTESTIFY,"Root David bright (Revelation 22:16)"
BRIGHTDAVID,"Star morning (Revelation 22:16)"
MORNINGSTAR,"Spirit bride say (Revelation 22:17)"
SAYBRIDE,"Come let him (Revelation 22:17)"
HIMLET,"Thirst let take (Revelation 22:17)"
TAKETHIRST,"Water life free (Revelation 22:17)"
FREELIFE,"Add words plague (Revelation 22:18)"
PLAGUEWORDS,"Take book life (Revelation 22:19)"
LIFEBOOK,"Out holy city (Revelation 22:19)"
CITYHOLY,"Things written mine (Revelation 22:19)"
MINEWRITTEN,"Surely I come (Revelation 22:20)"
COMESURELY,"Even so come (Revelation 22:20)"
COMEEVEN,"Lord Jesus grace (Revelation 22:21)"
GRACEJESUS,"Saints amen (Revelation 22:21)"
